{
  "spec/controllers/comments_controller_spec.rb": 1.262357473373413,
  "spec/controllers/dashboard_controller_spec.rb": 0.05448746681213379,
  "spec/controllers/discussions_controller_spec.rb": 1.9657471179962158,
  "spec/controllers/email_actions_controller_spec.rb": 1.2104063034057617,
  "spec/controllers/groups/membership_requests_controller_spec.rb": 0.12221789360046387,
  "spec/controllers/groups/memberships_controller_spec.rb": 0.8205089569091797,
  "spec/controllers/groups_controller_spec.rb": 0.8729474544525146,
  "spec/controllers/inbox_controller_spec.rb": 0.035353660583496094,
  "spec/controllers/invitations_controller_spec.rb": 18.062198162078857,
  "spec/controllers/motions_controller_spec.rb": 0.19228625297546387,
  "spec/controllers/translations_controller_spec.rb": 1.1050682067871094,
  "spec/controllers/users_controller_spec.rb": 0.2936441898345947,
  "spec/controllers/votes_controller_spec.rb": 0.7934749126434326,
  "spec/extras/accept_invitation_spec.rb": 0.4633457660675049,
  "spec/extras/autodetect_time_zone_spec.rb": 0.07689070701599121,
  "spec/extras/discussion_headline_spec.rb": 2.700718879699707,
  "spec/extras/discussion_item_spec.rb": 0.0026443004608154297,
  "spec/extras/discussion_items/discussion_description_edited_spec.rb": 0.0016260147094726562,
  "spec/extras/discussion_items/discussion_title_edited_spec.rb": 0.002275705337524414,
  "spec/extras/discussion_items/motion_close_date_edited_spec.rb": 0.00152587890625,
  "spec/extras/discussion_items/motion_closed_by_user_spec.rb": 0.0007567405700683594,
  "spec/extras/discussion_items/motion_closed_spec.rb": 0.002115964889526367,
  "spec/extras/discussion_items/new_discussion_spec.rb": 0.002366304397583008,
  "spec/extras/discussion_items/new_motion_spec.rb": 0.0018808841705322266,
  "spec/extras/discussion_items/new_vote_spec.rb": 0.0019488334655761719,
  "spec/extras/group_discussions_viewer_spec.rb": 2.081693172454834,
  "spec/extras/groups_tree_spec.rb": 0.2650165557861328,
  "spec/extras/notification_item_spec.rb": 0.0035376548767089844,
  "spec/extras/notification_items/comment_liked_spec.rb": 0.0020437240600585938,
  "spec/extras/notification_items/membership_requested_spec.rb": 0.002497434616088867,
  "spec/extras/notification_items/motion_closed_spec.rb": 0.004114866256713867,
  "spec/extras/notification_items/motion_closing_soon_spec.rb": 0.0020372867584228516,
  "spec/extras/notification_items/new_comment_spec.rb": 0.0019898414611816406,
  "spec/extras/notification_items/new_discussion_spec.rb": 0.0018455982208251953,
  "spec/extras/notification_items/new_motion_spec.rb": 0.0021255016326904297,
  "spec/extras/notification_items/user_added_to_group_spec.rb": 0.0021588802337646484,
  "spec/extras/notification_items/user_mentioned_spec.rb": 0.0017788410186767578,
  "spec/extras/queries/unvoted_motions_spec.rb": 0.6308231353759766,
  "spec/extras/queries/visible_discussions_spec.rb": 1.3231897354125977,
  "spec/extras/tree_spec.rb": 0.0010433197021484375,
  "spec/forms/inbox_preferences_form_spec.rb": 0.43109917640686035,
  "spec/forms/subscription_form_spec.rb": 0.0049190521240234375,
  "spec/helpers/application_helper_spec.rb": 0.012582540512084961,
  "spec/helpers/email_helper_spec.rb": 0.0008001327514648438,
  "spec/helpers/groups_helper_spec.rb": 0.4414527416229248,
  "spec/helpers/locales_helper_spec.rb": 0.002920389175415039,
  "spec/helpers/motion_helper_spec.rb": 0.004250764846801758,
  "spec/helpers/readable_unguessable_urls_helper_spec.rb": 1.7382891178131104,
  "spec/mailers/group_mailer_spec.rb": 0.5215485095977783,
  "spec/mailers/user_mailer_spec.rb": 0.46407222747802734,
  "spec/models/ability_spec.rb": 21.853246450424194,
  "spec/models/comment_spec.rb": 2.2065558433532715,
  "spec/models/concerns/avatar_initials_spec.rb": 0.0008344650268554688,
  "spec/models/discussion_reader_spec.rb": 1.17437744140625,
  "spec/models/discussion_spec.rb": 4.204278469085693,
  "spec/models/events/invitation_accepted_spec.rb": 0.003413677215576172,
  "spec/models/events/membership_request_approved_spec.rb": 0.035918235778808594,
  "spec/models/events/membership_requested_spec.rb": 0.07604742050170898,
  "spec/models/events/motion_closed_by_user_spec.rb": 0.0050542354583740234,
  "spec/models/events/user_added_to_group_spec.rb": 0.01727008819580078,
  "spec/models/group_spec.rb": 4.392763614654541,
  "spec/models/invitation_spec.rb": 1.2252531051635742,
  "spec/models/invite_people_spec.rb": 0.00030112266540527344,
  "spec/models/membership_request_spec.rb": 0.7809145450592041,
  "spec/models/membership_spec.rb": 1.3893461227416992,
  "spec/models/motion_reader_spec.rb": 1.3637449741363525,
  "spec/models/motion_spec.rb": 2.3018548488616943,
  "spec/models/notification_spec.rb": 0.015470743179321289,
  "spec/models/user_spec.rb": 2.67758846282959,
  "spec/models/vote_spec.rb": 1.9646308422088623,
  "spec/requests/api/v1/comments_spec.rb": 0.4375324249267578,
  "spec/services/discussion_service_spec.rb": 0.0372014045715332,
  "spec/services/membership_request_service_spec.rb": 0.0012602806091308594,
  "spec/services/motion_service_spec.rb": 0.04413890838623047,
  "spec/services/move_discussion_service_spec.rb": 0.0054473876953125
}
