{
  "features/admin/deactivate_users.feature": 1.2048792839050293,
  "features/admin/reactivate_users.feature": 1.3395195007324219,
  "features/admin/unarchive_group.feature": 2.1424760818481445,
  "features/announcements.feature": 1.7977664470672607,
  "features/autodetect_time_zone.feature": 4.482410192489624,
  "features/contact_form.feature": 9.72342848777771,
  "features/create_discussion.feature": 4.360145807266235,
  "features/discussions/admin_delete_post.feature": 2.2254905700683594,
  "features/discussions/admin_moves_discussion.feature": 2.159745931625366,
  "features/discussions/attachment_on_comments.feature": 0.9529194831848145,
  "features/discussions/comment_create.feature": 6.951380014419556,
  "features/discussions/comment_delete.feature": 3.3388919830322266,
  "features/discussions/delete_discussion.feature": 2.2307233810424805,
  "features/discussions/discussion_pagination.feature": 45.42945170402527,
  "features/discussions/edit_comment.feature": 1.6409687995910645,
  "features/discussions/like_post.feature": 4.4706573486328125,
  "features/discussions/logged_out_user_views_discussion.feature": 0.7109286785125732,
  "features/discussions/mention_user.feature": 0.23555970191955566,
  "features/discussions/see_number_of_new_comments.feature": 3.947807788848877,
  "features/discussions/subscribe_to_feed.feature": 1.6485061645507812,
  "features/discussions/view_chronological_discussion.feature": 19.707483291625977,
  "features/discussions/view_empty_discussion_lists.feature": 3.9452908039093018,
  "features/following_by_email.feature": 8.000357627868652,
  "features/following_logic.feature": 6.21398663520813,
  "features/following_ui.feature": 6.407533168792725,
  "features/groups/archive_group.feature": 1.1852037906646729,
  "features/groups/beta_features.feature": 0.3248584270477295,
  "features/groups/create_group_form.feature": 1.7049026489257812,
  "features/groups/create_subgroup.feature": 6.633747100830078,
  "features/groups/create_subgroup_form.feature": 0.759922981262207,
  "features/groups/edit_group_description.feature": 0.8493077754974365,
  "features/groups/edit_group_settings.feature": 13.998804092407227,
  "features/groups/edit_invitations.feature": 10.952547550201416,
  "features/groups/edit_memberships.feature": 3.851175308227539,
  "features/groups/group_email.feature": 2.740833282470703,
  "features/groups/join_group.feature": 2.203819751739502,
  "features/groups/leave_group.feature": 6.726856470108032,
  "features/groups/membership_request.feature": 11.933373928070068,
  "features/groups/next_steps.feature": 4.28523063659668,
  "features/groups/setup.feature": 4.034068822860718,
  "features/groups/start_new_group.feature": 6.909817218780518,
  "features/groups/subscribe_to_feed.feature": 1.5769872665405273,
  "features/groups/suspend_membership.feature": 0.5540862083435059,
  "features/help/view_help.feature": 0.34516310691833496,
  "features/inbox.feature": 12.177181720733643,
  "features/inbox_preferences.feature": 0.423581600189209,
  "features/invitations/invitation_to_join_group.feature": 15.689284086227417,
  "features/mark_summary_email_as_read.feature": 1.2454228401184082,
  "features/missed_yesterday.feature": 1.3542530536651611,
  "features/motions/clear_vote_activity.feature": 5.097759962081909,
  "features/motions/close_elapsed_motions.feature": 0.40566039085388184,
  "features/motions/close_proposal.feature": 2.330280303955078,
  "features/motions/create_proposal.feature": 0.7905375957489014,
  "features/motions/edit_proposal.feature": 1.1149988174438477,
  "features/motions/proposal_outcome.feature": 3.4503185749053955,
  "features/motions/vote_on_motion.feature": 6.051368951797485,
  "features/notifications/membership_request_approved.feature": 0.36785221099853516,
  "features/notifications/membership_requested.feature": 2.4969942569732666,
  "features/notifications/motion_closed.feature": 2.2679741382598877,
  "features/notifications/user_added_to_group.feature": 0.4875791072845459,
  "features/omniauth.feature": 1.7478082180023193,
  "features/search.feature": 4.204721212387085,
  "features/site_theme.feature": 0.8313097953796387,
  "features/thread_filtering.feature": 1.3402979373931885,
  "features/time_zone_to_city.feature": 0.4225139617919922,
  "features/users/beta_logo.feature": 0.9636108875274658,
  "features/users/block_bots.feature": 0.5211405754089355,
  "features/users/deactivate_account.feature": 2.2637009620666504,
  "features/users/edit_profile.feature": 7.408914566040039,
  "features/users/language_preferences.feature": 0.402332067489624,
  "features/users/login.feature": 2.786893606185913,
  "features/users/reset_password.feature": 5.0067596435546875,
  "features/users/unsubscribe_token.feature": 0.8189523220062256,
  "features/users/user_profile.feature": 1.5735225677490234
}
